Workbook

Sheet 📊 BGĐ Dashboard
A1: DASHBOARD TỔNG QUAN — AI WORKFORCE SIGMA
A2: Dữ liệu tự động từ sheet 📋 Tiến Độ 5 GĐ • Không chỉnh sửa tay
A4: STT | B4: Module / Tác vụ | C4: GĐ1 Yêu cầu | D4: GĐ2 Demo CB | E4: GĐ3 Demo CTS | F4: GĐ4 Triển khai | G4: GĐ5 Nghiệm thu | H4: Tổng HT
A5: 1 | B5: Tạo bản vẽ sơ bộ từ dữ liệu khảo sát | C5: ='📋 Tiến Độ 5 GĐ'!D6 | D5: ='📋 Tiến Độ 5 GĐ'!E6 | E5: ='📋 Tiến Độ 5 GĐ'!F6 | F5: ='📋 Tiến Độ 5 GĐ'!G6 | G5: ='📋 Tiến Độ 5 GĐ'!H6 | H5: =COUNTIF(C5:G5,"Hoàn thành")
A6: 2 | B6: Kiểm tra đối chiếu bản vẽ với tiêu chuẩn | C6: ='📋 Tiến Độ 5 GĐ'!D7 | D6: ='📋 Tiến Độ 5 GĐ'!E7 | E6: ='📋 Tiến Độ 5 GĐ'!F7 | F6: ='📋 Tiến Độ 5 GĐ'!G7 | G6: ='📋 Tiến Độ 5 GĐ'!H7 | H6: =COUNTIF(C6:G6,"Hoàn thành")
A7: 3 | B7: Xuất hồ sơ thiết kế theo mẫu Tổng Công ty | C7: ='📋 Tiến Độ 5 GĐ'!D8 | D7: ='📋 Tiến Độ 5 GĐ'!E8 | E7: ='📋 Tiến Độ 5 GĐ'!F8 | F7: ='📋 Tiến Độ 5 GĐ'!G8 | G7: ='📋 Tiến Độ 5 GĐ'!H8 | H7: =COUNTIF(C7:G7,"Hoàn thành")
A8: 4 | B8: Lập tiến độ thi công từ khối lượng BOQ | C8: ='📋 Tiến Độ 5 GĐ'!D9 | D8: ='📋 Tiến Độ 5 GĐ'!E9 | E8: ='📋 Tiến Độ 5 GĐ'!F9 | F8: ='📋 Tiến Độ 5 GĐ'!G9 | G8: ='📋 Tiến Độ 5 GĐ'!H9 | H8: =COUNTIF(C8:G8,"Hoàn thành")
A9: 5 | B9: Phân bổ nguồn lực theo từng gói thầu | C9: ='📋 Tiến Độ 5 GĐ'!D10 | D9: ='📋 Tiến Độ 5 GĐ'!E10 | E9: ='📋 Tiến Độ 5 GĐ'!F10 | F9: ='📋 Tiến Độ 5 GĐ'!G10 | G9: ='📋 Tiến Độ 5 GĐ'!H10 | H9: =COUNTIF(C9:G9,"Hoàn thành")
A10: 6 | B10: Báo cáo tổng hợp tuần cho Ban Giám đốc | C10: ='📋 Tiến Độ 5 GĐ'!D11 | D10: ='📋 Tiến Độ 5 GĐ'!E11 | E10: ='📋 Tiến Độ 5 GĐ'!F11 | F10: ='📋 Tiến Độ 5 GĐ'!G11 | G10: ='📋 Tiến Độ 5 GĐ'!H11 | H10: =COUNTIF(C10:G10,"Hoàn thành")
A11: 7 | B11: Tra cứu đơn giá vật liệu từ cơ sở dữ liệu | C11: ='📋 Tiến Độ 5 GĐ'!D12 | D11: ='📋 Tiến Độ 5 GĐ'!E12 | E11: ='📋 Tiến Độ 5 GĐ'!F12 | F11: ='📋 Tiến Độ 5 GĐ'!G12 | G11: ='📋 Tiến Độ 5 GĐ'!H12 | H11: =COUNTIF(C11:G11,"Hoàn thành")
A12: 8 | B12: So sánh báo giá nhà cung cấp | C12: ='📋 Tiến Độ 5 GĐ'!D13 | D12: ='📋 Tiến Độ 5 GĐ'!E13 | E12: ='📋 Tiến Độ 5 GĐ'!F13 | F12: ='📋 Tiến Độ 5 GĐ'!G13 | G12: ='📋 Tiến Độ 5 GĐ'!H13 | H12: =COUNTIF(C12:G12,"Hoàn thành")
A13: 9 | B13: Tạo đề xuất mua sắm theo mẫu | C13: ='📋 Tiến Độ 5 GĐ'!D14 | D13: ='📋 Tiến Độ 5 GĐ'!E14 | E13: ='📋 Tiến Độ 5 GĐ'!F14 | F13: ='📋 Tiến Độ 5 GĐ'!G14 | G13: ='📋 Tiến Độ 5 GĐ'!H14 | H13: =COUNTIF(C13:G13,"Hoàn thành")
A14: 10 | B14: Soạn JD tuyển dụng theo vị trí | C14: ='📋 Tiến Độ 5 GĐ'!D15 | D14: ='📋 Tiến Độ 5 GĐ'!E15 | E14: ='📋 Tiến Độ 5 GĐ'!F15 | F14: ='📋 Tiến Độ 5 GĐ'!G15 | G14: ='📋 Tiến Độ 5 GĐ'!H15 | H14: =COUNTIF(C14:G14,"Hoàn thành")
A15: 11 | B15: Lọc và đánh giá CV ứng viên | C15: ='📋 Tiến Độ 5 GĐ'!D16 | D15: ='📋 Tiến Độ 5 GĐ'!E16 | E15: ='📋 Tiến Độ 5 GĐ'!F16 | F15: ='📋 Tiến Độ 5 GĐ'!G16 | G15: ='📋 Tiến Độ 5 GĐ'!H16 | H15: =COUNTIF(C15:G15,"Hoàn thành")
A16: 12 | B16: Soạn email liên hệ ứng viên (6 loại) | C16: ='📋 Tiến Độ 5 GĐ'!D17 | D16: ='📋 Tiến Độ 5 GĐ'!E17 | E16: ='📋 Tiến Độ 5 GĐ'!F17 | F16: ='📋 Tiến Độ 5 GĐ'!G17 | G16: ='📋 Tiến Độ 5 GĐ'!H17 | H16: =COUNTIF(C16:G16,"Hoàn thành")
A19: TỔNG HỢP | C19: =COUNTIF(C5:C17,"Hoàn thành") | D19: =COUNTIF(C5:C17,"Hoàn thành") | E19: =COUNTIF(C5:C17,"Hoàn thành") | F19: =COUNTIF(C5:C17,"Hoàn thành") | G19: =COUNTIF(C5:C17,"Hoàn thành")

Sheet 📋 Tiến Độ 5 GĐ
A1: BẢNG THEO DÕI TIẾN ĐỘ AI WORKFORCE — TỔNG CÔNG TY SIGMA
A2: Cập nhật: 18/04/2026 • Phòng ban: Thiết kế, Kế hoạch, Vật tư, Nhân sự • Tổng: 12 module
D3: GĐ1 Yêu cầu | E3: GĐ2 Demo CB | F3: GĐ3 Demo CTS | G3: GĐ4 Triển khai | H3: GĐ5 Nghiệm thu | I3: GĐ1 Yêu cầu | J3: GĐ2 Demo CB | K3: GĐ3 Demo CTS | L3: GĐ4 Triển khai | M3: GĐ5 Nghiệm thu
A4: STT | B4: Module / Tác vụ AI | C4: Phòng ban | D4: Trạng thái | E4: Trạng thái | F4: Trạng thái | G4: Trạng thái | H4: Trạng thái | I4: Ngày | J4: Ngày | K4: Ngày | L4: Ngày | M4: Ngày | N4: % Hoàn thành | O4: Ghi chú / Vướng mắc
A5: PHÒNG THIẾT KẾ
A6: 1 | B6: Tạo bản vẽ sơ bộ từ dữ liệu khảo sát | C6: Phòng Thiết kế | D6: Hoàn thành | E6: Hoàn thành | F6: Đang thực hiện | G6: Chưa bắt đầu | H6: Chưa bắt đầu | I6: 10/04 | J6: 15/04 | K6: 20/04 | L6: — | M6: — | N6: 0.4
A7: 2 | B7: Kiểm tra đối chiếu bản vẽ với tiêu chuẩn | C7: Phòng Thiết kế | D7: Hoàn thành | E7: Đang thực hiện | F7: Chờ xếp lịch | G7: Chưa bắt đầu | H7: Chưa bắt đầu | I7: 10/04 | J7: 15/04 | K7: — | L7: — | M7: — | N7: 0.2
A8: 3 | B8: Xuất hồ sơ thiết kế theo mẫu Tổng Công ty | C8: Phòng Thiết kế | D8: Hoàn thành | E8: Hoàn thành | F8: Hoàn thành | G8: Đang thực hiện | H8: Chưa bắt đầu | I8: 10/04 | J8: 15/04 | K8: 20/04 | L8: 25/04 | M8: — | N8: 0.6
A9: PHÒNG KẾ HOẠCH
A10: 4 | B10: Lập tiến độ thi công từ khối lượng BOQ | C10: Phòng Kế hoạch | D10: Đang thực hiện | E10: Chờ xếp lịch | F10: Chưa bắt đầu | G10: Chưa bắt đầu | H10: Chưa bắt đầu | I10: 10/04 | J10: — | K10: — | L10: — | M10: — | N10: 0
A11: 5 | B11: Phân bổ nguồn lực theo từng gói thầu | C11: Phòng Kế hoạch | D11: Hoàn thành | E11: Hoàn thành | F11: Đang thực hiện | G11: Chờ xếp lịch | H11: Chưa bắt đầu | I11: 10/04 | J11: 15/04 | K11: 20/04 | L11: — | M11: — | N11: 0.4
A12: 6 | B12: Báo cáo tổng hợp tuần cho Ban Giám đốc | C12: Phòng Kế hoạch | D12: Hoàn thành | E12: Đang thực hiện | F12: Chưa bắt đầu | G12: Chưa bắt đầu | H12: Chưa bắt đầu | I12: 10/04 | J12: 15/04 | K12: — | L12: — | M12: — | N12: 0.2
A13: PHÒNG VẬT TƯ
A14: 7 | B14: Tra cứu đơn giá vật liệu từ cơ sở dữ liệu | C14: Phòng Vật tư | D14: Tạm dừng | E14: Chưa bắt đầu | F14: Chưa bắt đầu | G14: Chưa bắt đầu | H14: Chưa bắt đầu | I14: — | J14: — | K14: — | L14: — | M14: — | N14: 0
A15: 8 | B15: So sánh báo giá nhà cung cấp | C15: Phòng Vật tư | D15: Hoàn thành | E15: Hoàn thành | F15: Hoàn thành | G15: Đang thực hiện | H15: Chờ xếp lịch | I15: 10/04 | J15: 15/04 | K15: 20/04 | L15: 25/04 | M15: — | N15: 0.6
A16: 9 | B16: Tạo đề xuất mua sắm theo mẫu | C16: Phòng Vật tư | D16: Hoàn thành | E16: Hoàn thành | F16: Đang thực hiện | G16: Chưa bắt đầu | H16: Chưa bắt đầu | I16: 10/04 | J16: 15/04 | K16: 20/04 | L16: — | M16: — | N16: 0.4
A17: PHÒNG NHÂN SỰ
A18: 10 | B18: Soạn JD tuyển dụng theo vị trí | C18: Phòng Nhân sự | D18: Đang thực hiện | E18: Chờ xếp lịch | F18: Chưa bắt đầu | G18: Chưa bắt đầu | H18: Chưa bắt đầu | I18: 10/04 | J18: — | K18: — | L18: — | M18: — | N18: 0
A19: 11 | B19: Lọc và đánh giá CV ứng viên | C19: Phòng Nhân sự | D19: Hoàn thành | E19: Hoàn thành | F19: Hoàn thành | G19: Hoàn thành | H19: Đang thực hiện | I19: 10/04 | J19: 15/04 | K19: 20/04 | L19: 25/04 | M19: 30/04 | N19: 0.8
A20: 12 | B20: Soạn email liên hệ ứng viên (6 loại) | C20: Phòng Nhân sự | D20: Hoàn thành | E20: Đang thực hiện | F20: Chờ xếp lịch | G20: Chưa bắt đầu | H20: Chưa bắt đầu | I20: 10/04 | J20: 15/04 | K20: — | L20: — | M20: — | N20: 0.2

Sheet 📖 Hướng Dẫn
A1: HƯỚNG DẪN SỬ DỤNG FILE THEO DÕI TIẾN ĐỘ
A3: 1 | B3: Sheet 📊 BGĐ Dashboard là sheet tổng quan dành cho Ban Giám đốc. KHÔNG chỉnh sửa tay — toàn bộ dữ liệu tự cập nhật từ sheet Tiến Độ.
A4: 2 | B4: Sheet 📋 Tiến Độ 5 GĐ là nơi các phòng ban cập nhật trạng thái. Chọn trạng thái từ dropdown, KHÔNG gõ tay.
A5: 3 | B5: 5 trạng thái cố định: Hoàn thành, Đang thực hiện, Chờ xếp lịch, Chưa bắt đầu, Tạm dừng. Không được tự thêm trạng thái mới.
A6: 4 | B6: Mỗi module có 5 giai đoạn. Cập nhật lần lượt từ GĐ1 sang GĐ5. Không nhảy cóc giai đoạn.
A7: 5 | B7: Cột Ghi chú dùng để giải thích vướng mắc hoặc lý do Tạm dừng. Bắt buộc ghi khi trạng thái là Tạm dừng.
A8: 6 | B8: Cột % Hoàn thành tự tính = Số GĐ Hoàn thành / 5. Không chỉnh sửa công thức.
A9: 7 | B9: Mọi thay đổi cấu trúc file (thêm cột, đổi tên sheet) phải ghi vào sheet 📝 Change Log.

Sheet 📝 Change Log
A1: NHẬT KÝ THAY ĐỔI (CHANGE LOG)
A2: Ngày | B2: Người thay đổi | C2: Nội dung thay đổi | D2: Phiên bản
A3: 18/04/2026 | B3: Admin | C3: Tạo file theo dõi ban đầu, 12 module, 4 phòng ban | D3: v1.0
A4: 18/04/2026 | B4: Admin | C4: Cập nhật trạng thái GĐ1 cho toàn bộ Phòng Thiết kế | D4: v1.0
